Name,agn_frac,agn_name,agn_norm,chi2,host_name,host_norm,lir_total1RXSJ044154.5-082639,0.540384647,Mean,-2.165881041,0.213036142,SB2,-2.91664024,10.410482421RXSJ045205.0+493248,0.592621951,Mean,-1.652415253,6.924013605,SB1,-2.234307312,10.512194132E1739.1-1210,0.633298583,Mean,-1.444797287,0.670923134,SB1,-2.101205164,10.907718762MASXiJ1802473-145454,0.245107736,Mean,-1.699499806,6.714821134,SB1,-1.630083799,8.9698660822MASXJ00253292+6821442,0.787408163,Mean,-1.574092196,0.520222552,SB1,-2.561857474,9.6895587862MASXJ01064523+0638015,0.83380517,Mean,-1.826356423,0.422588201,SB3,-3.37436352,10.498410492MASXJ01073963-1139117,0.369806433,Mean,-1.885775533,18.85143489,SB5,-2.683890337,10.923225662MASXJ03305218+0538253,0.922360519,Mean,-1.55424915,2.509814069,SB1,-3.048179177,10.829787222MASXJ03342453-1513402,0.241034693,Mean,-2.05222084,20.35704777,SB5,-2.583692778,10.668700272MASXJ03502377-5018354,0.090289417,Mean,-2.737364679,2.889574283,SB5,-2.763712587,10.448790952MASXJ03534246+3714077,0.169289263,Mean,-2.141346058,19.47992902,SB5,-2.480139956,10.177057812MASXJ04234080+0408017,0.538430293,Mean,-1.639153447,4.711835153,SB2,-2.386496357,10.958933812MASXJ04440903+2813003,0.132968159,Mean,-1.960031322,1.278141063,SB1,-1.564855879,10.020918782MASXJ05020903+0331499,0.475308241,Mean,-2.469479587,0.378206399,SB1,-2.845662637,9.2653612162MASXJ05054575-2351139,0.832443918,Mean,-1.74482204,1.506762082,SB1,-2.860128777,10.44044642MASXJ06561197-4919499,0.930509208,Mean,-1.474268683,2.723663261,SB1,-3.020174048,10.802885782MASXJ07595347+2323241,0.165557699,Mean,-1.73875467,111.5932615,SB1,-1.455419688,10.985264962MASXJ09043699+5536025,0.239258496,Mean,-2.587216735,0.048905059,SB4,-2.896125604,10.191458112MASXJ09235371-3141305,0.236214252,Mean,-2.884812374,3.990876838,SB2,-3.055597645,10.017045182MASXJ09254750+6927532,0.77055127,Mean,-2.028400081,13.83318842,SB1,-2.97362791,10.285921892MASXJ09594263-3112581,0.833170933,Mean,-1.510743516,5.620113401,SB1,-2.628317852,10.722646942MASXJ10402231-4625264,0.240274234,Mean,-1.780687074,9.189873189,SB2,-1.961188144,10.605541272MASXJ11454045-1827149,0.594282282,Mean,-1.77850811,12.95461609,SB5,-2.973891225,10.498314482MASXJ12005792+0648226,0.495663204,Mean,-1.762423798,64.50669278,SB1,-2.174001772,10.673191452MASXJ12313717-4758019,0.13746661,Mean,-1.95313653,18.35602134,SB2,-1.83600856,10.803840152MASXJ12335145-2103448,0.563799695,Mean,-1.851418064,2.04529059,SB2,-2.643307659,10.130998752MASXJ13411287-1438407,0.720506376,Mean,-1.907548675,40.1495709,SB1,-2.737926547,10.497722452MASXJ15064412+0351444,0.164381834,Mean,-3.237323116,9.848497063,SB5,-3.560783374,9.7176729162MASXJ15115979-2119015,0.258523235,Mean,-1.525393655,4.410317032,SB4,-1.879074303,11.383456792MASXJ15462424+6929102,0.332533809,Mean,-2.439325083,3.654515363,SB4,-2.94801023,10.202295852MASXJ18570768-7828212,0.78842116,Mean,-1.515088609,4.382975709,SB1,-2.505486597,10.855548842MASXJ19373299-0613046,0.357508826,Mean,-1.071980676,45.0788057,SB5,-1.847014586,10.396851482MASXJ19380437-5109497,0.50124491,Mean,-2.297114239,22.28775901,SB1,-2.718388821,10.226987482MASXJ20005575-1810274,0.698580989,Mean,-1.183153896,10.06630041,SB3,-2.39576004,11.129618852MASXJ20101740+4800214,0.296802128,Mean,-2.387222716,9.519567185,SB1,-2.431724127,9.9681505122MASXJ21090996-0940147,0.863512664,Mean,-1.446856188,6.889152215,SB1,-2.667144491,10.474843742MASXJ21355399+4728217,0.583498613,Mean,-1.567866341,3.075154813,SB1,-2.133401666,10.471977412MASXJ23272195+1524375,0.468387756,Mean,-2.182100813,119.1661396,SB1,-2.546223319,10.49069242MFGC02280,6.10E-14,Mean,-14.35937876,16.81015827,SB2,-1.825129338,10.219945233C111.0,0.252671776,Mean,-2.159427741,437.4760352,SB1,-2.107585038,10.834490663C120,0.274627569,Mean,-1.531133732,118.9235079,SB3,-1.956876842,11.08258326dFJ0626586-370559,0.4846217,Mean,-2.035157854,5.665686893,SB1,-2.427546531,10.46943136Ark120,0.655270637,Mean,-1.314179548,8.00541627,SB1,-2.012233927,10.91382002ARK241,0.686203873,Mean,-2.163984351,38.39551333,SB1,-2.922901885,10.24200582ARK347,0.73241306,Mean,-1.536596461,6.140796921,SB1,-2.392999575,10.30922949ARP102B,0.850562519,Mean,-1.960360083,0.09793186,SB1,-3.134718734,9.885841951CenA,6.57E-11,Mean,-9.186965519,411.1854618,SB1,0.576090895,9.830576168CGCG102-048,0.345690755,Mean,-2.698198007,37.70796923,SB1,-2.840214664,9.639271568CGCG122-055,0.461915961,Mean,-1.694792506,5.83889897,SB2,-2.308956089,10.30793706CGCG229-015,0.570170525,Mean,-2.076874315,3.109965358,SB1,-2.618694832,10.06954279CGCG300-062,0.315849874,Mean,-2.51659283,24.07779695,SB1,-2.600034076,10.03609098CGCG312-012,0.431076377,Mean,-2.541876503,3.753349893,SB1,-2.840488709,9.650822134CGCG319-007,0.577488133,Mean,-1.744439486,19.8603901,SB1,-2.299255587,10.80308391CGCG341-006,0.164777756,Mean,-2.000742811,5.708310275,SB4,-2.107117955,11.13713072CGCG367-009,0.77992447,Mean,-2.189619614,11.54886159,SB1,-3.158212351,9.685041614CGCG420-015,0.850215804,Mean,-1.148402451,6.567075057,SB1,-2.321577581,10.87131015CGCG468-002NED01,0.169899139,Mean,-1.693293188,0.976517742,SB5,-2.033967809,10.56795397CGCG493-002,0.63328643,Mean,-1.560558652,9.988222966,SB5,-2.827446161,10.43661831CGCG535-012,0.640278056,Mean,-1.970859515,11.22430147,SB1,-2.640373149,10.60322408ESO005-G004,0.06656096,Mean,-1.446847896,13.18521474,SB1,-0.719093462,10.14481478ESO031-G008,0.494144321,Mean,-2.422873097,61.23410947,SB1,-2.831812225,9.77738847ESO033-G002,0.782501959,Mean,-1.213314338,2.199955705,SB1,-2.18845637,10.4140616ESO103-035,0.931342452,Mean,-0.681614941,15.03745458,SB4,-2.625314665,10.59840217ESO121-IG028,0.137225628,Mean,-2.598614599,0.851173738,SB5,-2.829766898,10.49927056ESO137-34,0.244888739,Mean,-1.297361669,2.785744607,SB1,-1.227431486,10.23553773ESO139-G012,0.102396138,Mean,-2.360926081,239.6033337,SB1,-1.837236893,10.09540192ESO141-G055,0.576812637,Mean,-1.420891994,10.98760972,SB1,-1.974506019,10.97482234ESO157-G023,0.065248002,Mean,-3.220442311,202.3033571,SB1,-2.483425073,10.26443221ESO195-IG021NED03,0.373473184,Mean,-1.990623346,30.28745642,SB1,-2.185055055,10.82889086ESO197-G027,0.210155175,Mean,-2.040106074,54.36796497,SB1,-1.884216335,11.02619791ESO198-024,0.827520498,Mean,-1.986036929,2.3696045,SB1,-3.08619015,10.43531378ESO209-G012,0.458558313,Mean,-1.365294478,3.196994606,SB1,-1.712249307,11.20805735ESO244-IG030,0.019281835,Mean,-2.825291672,42.68817036,SB5,-2.148510133,10.71636339ESO297-018,0.177030457,Mean,-1.99863831,15.18979069,SB1,-1.750414486,10.56719572ESO323-077,0.212599482,Mean,-1.10471754,9.405219138,SB2,-1.216534769,10.9241902ESO362-18,0.377451372,Mean,-1.416281786,39.18684179,SB5,-2.228583822,10.19862959ESO374-G044,0.623733438,Mean,-1.710431987,15.16869599,SB1,-2.349047337,10.41506328ESO383-18,0.879064486,Mean,-1.117746005,18.24967592,SB1,-2.398324834,10.12767757ESO399-20,0.31117666,Mean,-1.805074832,9.533020576,SB1,-1.87908594,10.50606583ESO417-G006,0.313415248,Mean,-2.37186473,13.33128922,SB4,-2.842569311,9.560227695ESO426-G002,0.843201971,Mean,-1.656577453,24.76203094,SB1,-2.806280414,10.12744314ESO439-G009,0.321812934,Mean,-1.737711279,20.58875837,SB1,-1.833077219,10.52040035ESO464-G016,0.138192999,Mean,-2.475217196,2.796845213,SB5,-2.709907529,10.52266119ESO479-G031,0.45000233,Mean,-2.558957182,3.098228311,SB5,-3.501425403,9.539970456ESO490-IG026,0.248925451,Mean,-1.50722699,2.847769381,SB3,-1.875173269,10.89726272ESO499-G041,0.473253244,Mean,-1.708532927,12.30765288,SB1,-2.081136606,9.833906163ESO506-G027,0.415889595,Mean,-1.63883352,40.11391179,SB1,-1.910428581,10.54892102ESO509-G038,0.599527877,Mean,-1.672028833,27.28090638,SB1,-2.266377874,10.38977221ESO509-IG066NED01,0.433617266,Mean,-1.573697958,39.46295359,SB1,-1.876806468,10.87596187ESO511-G030,0.065841022,Mean,-2.389801947,14.48877799,SB1,-1.656989669,10.50007722ESO533-G050,5.42E-12,Mean,-13.10249731,128.3052614,SB1,-2.25593669,10.01880246ESO548-G081,0.517084873,Mean,-1.393344557,64.98687716,SB1,-1.842147529,10.21775615ESO549-G049,3.62E-17,Mean,-17.19551881,34.51076724,SB2,-1.434192393,11.09671289ESO553-G022,0.216337848,Mean,-2.700270732,41.45391971,SB1,-2.560386312,10.23367472ESO565-G019,0.065735498,Mean,-2.100463301,32.76360738,SB2,-1.628244136,10.50962538ESO578-G009,0.16500309,Mean,-2.354389433,11.75474256,SB1,-2.069308589,10.53323323Fairall1146,0.375879599,Mean,-1.421855852,18.311749,SB3,-2.04919625,11.01611544Fairall272,0.160628858,Mean,-2.114863779,42.04165597,SB5,-2.426347623,10.36475543Fairall49,0.507653835,Mean,-0.881936639,14.31623615,SB4,-1.706512364,11.02222866Fairall51,0.41318459,Mean,-1.165428175,6.622060799,SB3,-1.860630803,10.52458404Fairall9,0.898126342,Mean,-1.160217713,39.85230707,SB1,-2.524605194,11.25499645HB890241+622,0.592789493,Mean,-1.5101145,226.7654928,SB3,-2.520756043,11.02605146IC0486,4.41E-12,Mean,-12.52923722,32.89517814,SB3,-2.021264295,10.69621104IC1657,0.090746519,Mean,-1.909365102,53.45884378,SB1,-1.327622051,10.28914275IC1816,0.227121065,Mean,-1.596603133,41.40220562,SB5,-2.094363386,10.50996921IC2461,0.025350261,Mean,-2.6388018,2.794631737,SB1,-1.473047608,9.500333023IC2637,0.029653536,Mean,-2.424117332,53.39832997,SB5,-1.938881299,11.04820326IC2921,0.750631924,Mean,-1.993153898,13.68919471,SB1,-2.890852022,10.44123898IC4329A,0.946921794,Mean,-0.593413036,6.504723903,SB1,-2.263922858,10.84560066IC4518A,6.41E-16,Mean,-15.73096511,2.571872996,SB3,-1.385567589,10.88858428IC4709,0.508121061,Mean,-1.594094492,3.437585278,SB1,-2.027315409,10.16068902IC5063,0.804936552,Mean,-0.457254245,7.957086708,SB1,-1.491951946,10.74787979IGRJ11366-6002,0.180191359,Mean,-1.926618892,24.41720107,SB5,-2.29825467,10.11271226IGRJ23308+7120,0.139794807,Mean,-2.500443113,16.84294337,SB1,-2.130444042,10.5076839IISZ010,0.811364289,Mean,-2.019117588,33.54953426,SB1,-3.071821512,10.157394IIZw083,0.846479008,Mean,-0.914676262,17.45875075,SB1,-2.075236635,11.0994594IRAS03219+4031,4.09E-21,Mean,-21.59357838,19.09649048,SB4,-2.016885934,11.17640887IRAS04124-0803,0.805691165,Mean,-1.2224248,5.562587407,SB2,-2.520551576,11.05308335IRAS05078+1626,0.704012115,Mean,-1.072668266,3.207367333,SB3,-2.296534487,10.58979741IRAS05218-1212,0.922916217,Mean,-1.369599907,11.81929899,SB1,-2.866911112,11.070935IRAS05589+2828,0.772593182,Mean,-1.129087204,8.061312362,SB5,-2.689848901,11.03515341KAZ320,0.647782698,Mean,-1.703969314,2.735424497,SB2,-2.649038695,10.57636395KUG1141+371,0.647364021,Mean,-2.392099631,6.725941248,SB1,-3.075033518,9.976085745KUG1208+386,0.88973875,Mean,-1.670658317,3.292781829,SB1,-2.996609861,10.10421277LCRSB034324.7-394349,0.705272996,Mean,-1.89073436,16.12166119,SB1,-2.688783634,10.54484328LCRSB232242.2-384320,0.044033205,Mean,-2.759538946,82.8671617,SB5,-2.452490747,10.72388894LEDA170194,0.465811295,Mean,-1.849291367,5.402825028,SB1,-2.208918629,10.62875274LEDA214543,0.409907621,Mean,-2.296612847,23.58766515,SB1,-2.557490782,10.11716088LEDA38038,0.598230468,Mean,-1.037067708,12.08430007,SB4,-2.021237849,11.09124816M106,5.65E-12,Mean,-10.86273608,53.74616715,SB1,-0.033894821,9.878023333MCG+00-09-042,2.00E-16,Mean,-16.53009268,35.65413772,SB2,-1.512574748,10.92880439MCG+01-57-016,0.198035901,Mean,-1.910366601,5.36703842,SB3,-2.150515624,10.59785238MCG+02-21-013,0.065264278,Mean,-2.546700292,13.19741955,SB1,-1.809798939,10.72868131MCG+02-57-002,0.099136502,Mean,-2.491993647,9.186260399,SB3,-2.381128269,10.44915988MCG+04-22-042,0.377294963,Mean,-2.250791779,90.2165351,SB1,-2.452302355,10.20699489MCG+04-48-002,3.12E-12,Mean,-11.88531858,19.03307545,SB2,-1.059284506,10.90993892MCG+05-03-013,0.065441331,Mean,-2.488331931,25.1370115,SB1,-1.752689435,10.82438893MCG+05-28-032,0.189493388,Mean,-2.018357016,20.54204993,SB5,-2.416808821,10.43682312MCG+06-16-028,0.378051567,Mean,-1.261012223,15.47741863,SB2,-1.725259611,10.55682861MCG+06-24-008,7.25E-14,Mean,-14.4594231,120.4330329,SB5,-2.349516499,10.51663468MCG+06-49-019,0.236775298,Mean,-2.463780518,46.14310352,SB1,-2.374576439,9.827398155MCG+08-11-011,0.693297518,Mean,-0.702529135,4.004649232,SB1,-1.475843438,11.08644468MCG+11-11-032,0.367131361,Mean,-2.372907749,26.27471133,SB1,-2.555527607,10.1981787MCG+12-10-067,0.260024168,Mean,-1.76555574,4.380457331,SB1,-1.730463869,10.88704777MCG-01-05-047,0.05839892,Mean,-2.000109245,4.530817317,SB1,-1.211759062,10.70930334MCG-01-09-045,0.046632232,Mean,-3.32407979,0.567252575,SB1,-2.432617473,9.225177212MCG-01-13-025,0.721757405,Mean,-2.101574837,6.250189206,SB1,-2.934654418,9.446556436MCG-01-24-012,0.461450995,Mean,-1.60513734,9.607334829,SB1,-1.957149647,10.32371192MCG-01-30-041,0.151496587,Mean,-1.930242175,4.983711464,SB5,-2.211605737,10.44438282MCG-01-33-063,0.005605041,Mean,-3.79889607,38.62037866,SB1,-1.969027929,10.30297967MCG-01-40-001,0.078017736,Mean,-2.071148415,22.42824279,SB5,-2.0282335,10.75745225MCG-02-08-014,0.442015515,Mean,-1.90201274,9.089752229,SB1,-2.21994008,9.905302967MCG-02-08-038,0.538904522,Mean,-2.09575329,30.24369256,SB1,-2.582586204,10.21377692MCG-02-12-050,0.18368865,Mean,-2.105445577,4.937936719,SB1,-1.876784012,10.76883653MCG-02-14-009,0.520766174,Mean,-1.697673251,8.351817443,SB1,-2.152880502,10.50617827MCG-03-04-072,0.577980383,Mean,-2.092912748,35.15122071,SB1,-2.648605156,10.49411122MCG-03-34-064,0.653287585,Mean,-0.572004996,42.71373607,SB4,-1.65841862,11.05449543MCG-05-23-016,0.970306891,Mean,-0.678056257,7.136443371,SB2,-2.872760427,10.19159928MCG-06-30-015,0.837108274,Mean,-0.965211128,7.844365212,SB2,-2.356544462,9.889166988MCG-07-03-007,0.688616135,Mean,-1.696534567,26.85829465,SB1,-2.460327604,10.42952663Mrk1018,0.759627427,Mean,-2.035464848,49.59284204,SB1,-2.954292521,10.3605764Mrk10,0.118791352,Mean,-2.165855905,21.87786356,SB1,-1.714673928,10.70451504Mrk1210,0.826346527,Mean,-0.866178123,9.436233679,SB5,-2.573271162,10.47954642Mrk1310,0.426279344,Mean,-2.308079011,1.628341617,SB1,-2.598184762,9.651424462Mrk1392,0.460005398,Mean,-1.75311104,14.61084167,SB1,-2.102596498,10.71715147Mrk18,0.025856668,Mean,-2.614894644,33.89103437,SB2,-1.719295061,10.06312414Mrk198,0.17766797,Mean,-2.095153725,13.28278378,SB2,-2.110166383,10.43308263Mrk202,0.393441864,Mean,-2.292011565,23.80134334,SB1,-2.52313165,9.765577241Mrk279,0.613229815,Mean,-1.367777257,6.206891928,SB5,-2.597561839,10.82532862Mrk290,0.923599417,Mean,-1.628063591,3.891711879,SB1,-3.129562519,10.36132413Mrk335,0.950357761,Mean,-1.364895559,4.137843754,SB1,-3.066043271,10.49046415Mrk348,0.771083032,Mean,-1.114028594,5.169733065,SB1,-2.060563702,10.35650964Mrk359,0.327084316,Mean,-1.601252872,15.60166777,SB2,-1.968402664,10.36947218Mrk3,0.696427134,Mean,-0.72129318,10.48595917,SB2,-1.762356636,10.70017976Mrk417,0.908826593,Mean,-1.761046191,6.104584198,SB1,-3.17877098,10.32606162Mrk477,0.539157524,Mean,-1.354177763,32.69808286,SB4,-2.233619545,11.0855718Mrk509,0.71047813,Mean,-1.040069309,16.12865001,SB2,-2.110389371,11.19747962Mrk590,0.227611214,Mean,-1.899097108,62.87867248,SB1,-1.787566751,10.59732465Mrk595,0.506188821,Mean,-1.843191557,24.572244,SB1,-2.273055138,10.32593176Mrk618,0.3385293,Mean,-1.199150673,6.439340227,SB2,-1.588687048,11.38972801Mrk653,0.39600565,Mean,-2.230434342,39.85789457,SB1,-2.466214796,10.46172544Mrk6,0.806815278,Mean,-1.030265687,5.12617653,SB1,-2.070178971,10.61784758Mrk704,0.908922399,Mean,-1.353108494,22.54640802,SB1,-2.771335666,10.63288321Mrk739E,0.130829149,Mean,-1.889458565,65.73233881,SB5,-2.096672235,10.95290019Mrk766,0.388644928,Mean,-1.042141091,40.55918568,SB4,-1.656679188,10.5935381Mrk79,0.659838072,Mean,-1.012500486,11.29423233,SB1,-1.7193641,10.86851367Mrk817,0.514130661,Mean,-1.06465373,8.189212206,SB4,-1.900486353,11.23382391Mrk841,0.926364381,Mean,-1.265617059,1.311663104,SB2,-3.04576169,10.90768115Mrk885,0.143680636,Mean,-2.470353215,35.66714484,SB1,-2.114227639,10.18966665Mrk926,0.570010197,Mean,-1.538542019,17.96853578,SB5,-2.690580795,11.07114214Mrk975,0.407763728,Mean,-1.571413785,58.17008501,SB5,-2.43894168,11.23543822NGC1052,0.760698006,Mean,-1.158300389,5.503345568,SB1,-2.079678299,9.266127685NGC1106,0.465223383,Mean,-1.430594978,32.54924014,SB1,-1.789196052,10.2256173NGC1125,0.063215764,Mean,-1.971613401,1.998107656,SB4,-1.612077833,10.30566192NGC1194,0.873909458,Mean,-1.141215083,12.94632741,SB1,-2.40111096,10.18668337NGC1365,3.17E-10,Mean,-8.627964326,71.26729008,SB5,-0.158552488,11.11164372NGC2110,0.235125911,Mean,-1.199990766,14.55568658,SB2,-1.368152032,10.26164563NGC235A,0.063357628,Mean,-2.1567263,12.52426268,SB2,-1.667402134,10.74351676NGC2655,0.168939661,Mean,-1.649132426,30.32072758,SB1,-1.376343435,9.606326763NGC2885,0.243964868,Mean,-2.315572941,18.36669609,SB1,-2.243470202,10.14836241NGC2992,0.096907007,Mean,-1.349436418,16.1284365,SB5,-1.409673432,10.39361946NGC3035,7.13E-11,Mean,-11.37187881,30.08107542,SB1,-1.643810111,10.10256826NGC3079,1.69E-20,Mean,-19.27531885,117.1749919,SB5,-0.533994911,11.0488957NGC3081,0.50616386,Mean,-0.976477108,13.58532286,SB1,-1.406297321,10.07303537NGC3227,0.302115452,Mean,-0.696452224,57.58139554,SB1,-0.751953527,10.39661958NGC3281,0.434242154,Mean,-0.697214116,19.96506703,SB2,-1.262766235,10.72231897NGC3393,0.308547539,Mean,-1.361052637,11.2614692,SB1,-1.429724345,10.34589534NGC3431,0.14962613,Mean,-2.087820964,11.00112739,SB1,-1.752330449,10.2294642NGC3516,0.623240434,Mean,-1.021032565,12.23524128,SB4,-2.050902511,10.09424791NGC3718,0.075549669,Mean,-2.352914254,160.2389506,SB1,-1.684375184,8.964882295NGC3783,0.691237163,Mean,-0.633352575,7.968388496,SB1,-1.402466579,10.4279787NGC3786,0.047426999,Mean,-2.303715688,7.62610626,SB2,-1.681293789,9.954415541NGC4051,0.12457613,Mean,-0.909867384,18.74622017,SB1,-0.482195785,10.19072689NGC4102,7.94E-12,Mean,-10.77494081,37.69562645,SB2,-0.355179211,10.52130063NGC4138,0.054208998,Mean,-2.103625199,8.430847764,SB1,-1.281013354,9.172098482NGC4151,0.768500412,Mean,-0.219084181,20.62595652,SB1,-1.159290011,9.723744652NGC4180,1.96E-15,Mean,-15.25606779,91.01142585,SB5,-1.578287649,10.17798466NGC4235,0.296774432,Mean,-2.045329876,26.60663488,SB1,-2.089773655,9.208901641NGC424,0.827323648,Mean,-0.742529964,6.299516495,SB1,-1.842084487,10.48223694NGC4388,0.17210943,Mean,-0.891992895,62.84674946,SB5,-1.239438932,10.0528579NGC4507,0.385508998,Mean,-0.917789579,30.21406062,SB5,-1.744922878,10.64137031NGC4619,0.058917789,Mean,-2.294992528,14.72288613,SB1,-1.510723352,10.67098362NGC4748,0.179907419,Mean,-1.792868964,67.22823265,SB5,-2.163669462,10.28579485NGC4939,0.100809296,Mean,-1.727025505,193.0090032,SB1,-1.195786226,10.30177826NGC4941,0.183410227,Mean,-1.762487022,213.7101675,SB1,-1.533018583,8.996382392NGC4992,0.433222947,Mean,-2.096392581,62.79897665,SB1,-2.398803722,10.07761529NGC5033,0.005888399,Mean,-2.095541603,23.8542991,SB1,-0.287215661,10.39884149NGC5106,3.02E-12,Mean,-12.34318924,55.95295436,SB5,-1.853453647,11.19936951NGC513,0.018908648,Mean,-2.594685775,47.19962411,SB5,-1.909251116,10.71713025NGC5231,0.154825332,Mean,-2.162496769,21.36012477,SB1,-1.844504265,10.33083492NGC5252,0.595101724,Mean,-1.696105615,5.947158716,SB1,-2.282462844,10.26050204NGC526A,0.767260083,Mean,-1.689200028,32.09890551,SB1,-2.626383705,9.993944829NGC5273,0.190742162,Mean,-2.152358022,4.884463112,SB5,-2.554332117,8.732200057NGC5290,0.02559686,Mean,-2.324722302,20.44243691,SB1,-1.163282271,9.977044854NGC5506,0.52280456,Mean,-0.523430915,4.96466212,SB2,-1.243524721,10.16118608NGC5548,0.685520493,Mean,-1.122398526,13.98336139,SB1,-1.879938566,10.51627211NGC5610,0.05795642,Mean,-1.811311584,6.517294794,SB5,-1.629956449,10.8854525NGC5674,0.0940621,Mean,-2.014227171,34.88356137,SB1,-1.449655361,10.81579635NGC5728,0.016294523,Mean,-2.063027436,49.21669663,SB5,-1.311818299,10.24387117NGC5899,0.063014551,Mean,-1.658969169,7.672959486,SB1,-0.905789114,10.54860539NGC5995,0.278957581,Mean,-1.139432138,35.05684229,SB5,-1.756623798,11.22775335NGC6221,0.075582065,Mean,-0.615405371,36.75962226,SB5,-0.557570068,10.62246197NGC6240,9.50E-16,Mean,-15.02328763,80.02437979,SB4,-0.812251415,11.78631609NGC6300,0.177222886,Mean,-0.61554163,8.695043127,SB1,-0.36789118,10.10051805NGC6552,0.215823421,Mean,-1.511417575,21.02085003,SB4,-1.762380893,11.01168384NGC6814,0.0491529,Mean,-1.58092209,13.40901824,SB1,-0.713472499,10.14241102NGC6860,0.448020678,Mean,-1.258564299,16.38297886,SB1,-1.587051498,10.43896849NGC7172,1.30E-11,Mean,-11.27290816,103.6393574,SB5,-1.417966233,10.40208436NGC7213,0.253197226,Mean,-1.17512409,23.12101132,SB1,-1.124489058,9.474189864NGC7465,0.021293893,Mean,-2.37151427,15.73867334,SB5,-1.738731352,9.876759297NGC7469,1.36E-12,Mean,-11.6557819,9.693228514,SB4,-0.600156123,11.64073726NGC7479,0.229600815,Mean,-0.683355128,22.26758262,SB1,-0.576724688,10.68232945NGC7582,1.76E-11,Mean,-10.27654884,20.25039549,SB2,-0.203113072,10.75105776NGC7603,0.538878906,Mean,-1.199760958,35.90677729,SB1,-1.6865491,11.02202722NGC7679,0.018790945,Mean,-2.197422744,37.37420481,SB2,-1.16006055,11.00147354NGC788,0.778641004,Mean,-1.327233508,59.68349947,SB1,-2.292585551,10.05124582NGC931,0.416509283,Mean,-1.004196682,9.655518053,SB1,-1.276899364,10.82366566NGC985,0.633860418,Mean,-1.139338283,20.00034268,SB1,-1.796797183,11.35010871PICTORA,0.220500817,Mean,-2.518536052,630.7629789,SB1,-2.38924254,10.24410932PKS2331-240,0.232932259,Mean,-2.450766394,477.7521285,SB1,-2.352274261,10.56353052SBS1301+540,0.431906775,Mean,-2.541197648,3.996389283,SB1,-2.841280003,9.787925951UGC01479,0.002194893,Mean,-3.678643211,53.64747744,SB5,-2.050625157,10.41589452UGC03142,0.221468138,Mean,-1.770355734,44.77660463,SB1,-1.643502546,10.56327743UGC03478,0.182968382,Mean,-1.694026418,8.264169754,SB1,-1.463275552,10.25790796UGC03601,0.368349274,Mean,-2.025059719,16.76167285,SB1,-2.209954486,9.880652248UGC03995A,0.373088333,Mean,-1.499467094,1.342649675,SB1,-1.693184358,10.33069703UGC05881,0.105159178,Mean,-2.024343948,3.010259806,SB5,-2.12405965,10.58829755UGC07064,0.164290227,Mean,-1.743368573,63.7175728,SB5,-2.06653913,10.84679709UGC08327NED02,0.294580319,Mean,-1.583345573,1.862518812,SB4,-2.015380342,11.09073281UGC10593,0.337055521,Mean,-1.942400881,13.99404211,SB1,-2.067737118,10.47186265UGC11185NED02,0.212835524,Mean,-2.277522138,1.645403877,SB5,-2.739115077,10.64472728UGC12237,0.141288834,Mean,-2.278525426,29.57492231,SB1,-1.913898106,10.48623248UGC12282,0.070117418,Mean,-2.173571488,21.66553672,SB1,-1.470081237,10.44586907UGC12741,0.093639899,Mean,-2.594975744,19.70135026,SB1,-2.02824785,9.921980009VIIZw073,0.110424998,Mean,-1.958929063,25.54049606,SB4,-1.864092504,11.25105054WKK1263,0.467445385,Mean,-1.624318663,17.46996216,SB5,-2.597299694,10.49143099WKK4438,0.454890024,Mean,-1.469064174,1.157593207,SB1,-1.809598406,10.28539517WKK6471,0.509772867,Mean,-2.29695664,50.73638232,SB1,-2.73304796,10.09070205